<?xml version="1.0" encoding="UTF-8"?>
<GenRun Id="synth_1" LaunchPart="xc7a35tftg256-1" LaunchTime="1619800032">
  <File Type="PA-TCL" Name="dig_clock.tcl"/>
  <File Type="RDS-PROPCONSTRS" Name="dig_clock_drc_synth.rpt"/>
  <File Type="REPORTS-TCL" Name="dig_clock_reports.tcl"/>
  <File Type="RDS-RDS" Name="dig_clock.vds"/>
  <File Type="RDS-UTIL" Name="dig_clock_utilization_synth.rpt"/>
  <File Type="RDS-UTIL-PB" Name="dig_clock_utilization_synth.pb"/>
  <File Type="RDS-DCP" Name="dig_clock.dcp"/>
  <File Type="VDS-TIMINGSUMMARY" Name="dig_clock_timing_summary_synth.rpt"/>
  <File Type="VDS-TIMING-PB" Name="dig_clock_timing_summary_synth.pb"/>
  <FileSet Name="sources" Type="DesignSrcs" RelSrcDir="$PSRCDIR/sources_1">
    <Filter Type="Srcs"/>
    <File Path="$PSRCDIR/sources_1/ip/bin2bcd_0/bin2bcd_0.xci">
      <FileInfo>
        <Attr Name="UsedIn" Val="synthesis"/>
        <Attr Name="UsedIn" Val="implementation"/>
        <Attr Name="UsedIn" Val="simulation"/>
      </FileInfo>
    </File>
    <File Path="$PSRCDIR/sources_1/imports/new/clken.sv">
      <FileInfo>
        <Attr Name="ImportPath" Val="$PPRDIR/../normal/dig_clock/dig_clock.srcs/sources_1/new/clken.sv"/>
        <Attr Name="ImportTime" Val="1619506194"/>
        <Attr Name="UsedIn" Val="synthesis"/>
        <Attr Name="UsedIn" Val="implementation"/>
        <Attr Name="UsedIn" Val="simulation"/>
      </FileInfo>
    </File>
    <File Path="$PSRCDIR/sources_1/imports/new/edge_detect.sv">
      <FileInfo>
        <Attr Name="ImportPath" Val="$PPRDIR/../normal/dig_clock/dig_clock.srcs/sources_1/new/edge_detect.sv"/>
        <Attr Name="ImportTime" Val="1619503611"/>
        <Attr Name="UsedIn" Val="synthesis"/>
        <Attr Name="UsedIn" Val="implementation"/>
        <Attr Name="UsedIn" Val="simulation"/>
      </FileInfo>
    </File>
    <File Path="$PSRCDIR/sources_1/imports/new/timer.sv">
      <FileInfo>
        <Attr Name="ImportPath" Val="$PPRDIR/../normal/dig_clock/dig_clock.srcs/sources_1/new/timer.sv"/>
        <Attr Name="ImportTime" Val="1619506184"/>
        <Attr Name="UsedIn" Val="synthesis"/>
        <Attr Name="UsedIn" Val="implementation"/>
        <Attr Name="UsedIn" Val="simulation"/>
      </FileInfo>
    </File>
    <File Path="$PSRCDIR/sources_1/imports/new/x7seg_dec.sv">
      <FileInfo>
        <Attr Name="ImportPath" Val="$PPRDIR/../normal/dig_clock/dig_clock.srcs/sources_1/new/x7seg_dec.sv"/>
        <Attr Name="ImportTime" Val="1619487015"/>
        <Attr Name="UsedIn" Val="synthesis"/>
        <Attr Name="UsedIn" Val="implementation"/>
        <Attr Name="UsedIn" Val="simulation"/>
      </FileInfo>
    </File>
    <File Path="$PSRCDIR/sources_1/imports/new/x7seg_scan.sv">
      <FileInfo>
        <Attr Name="ImportPath" Val="$PPRDIR/../normal/dig_clock/dig_clock.srcs/sources_1/new/x7seg_scan.sv"/>
        <Attr Name="ImportTime" Val="1619491146"/>
        <Attr Name="UsedIn" Val="synthesis"/>
        <Attr Name="UsedIn" Val="implementation"/>
        <Attr Name="UsedIn" Val="simulation"/>
      </FileInfo>
    </File>
    <File Path="$PSRCDIR/sources_1/new/dig_clock.sv">
      <FileInfo>
        <Attr Name="UsedIn" Val="synthesis"/>
        <Attr Name="UsedIn" Val="implementation"/>
        <Attr Name="UsedIn" Val="simulation"/>
      </FileInfo>
    </File>
    <Config>
      <Option Name="DesignMode" Val="RTL"/>
      <Option Name="TopModule" Val="dig_clock"/>
      <Option Name="TopAutoSet" Val="TRUE"/>
    </Config>
  </FileSet>
  <FileSet Name="constrs_in" Type="Constrs" RelSrcDir="$PSRCDIR/constrs_1">
    <Filter Type="Constrs"/>
    <File Path="$PSRCDIR/constrs_1/new/dig_clock.xdc">
      <FileInfo>
        <Attr Name="UsedIn" Val="synthesis"/>
        <Attr Name="UsedIn" Val="implementation"/>
      </FileInfo>
    </File>
    <Config>
      <Option Name="ConstrsType" Val="XDC"/>
    </Config>
  </FileSet>
  <Strategy Version="1" Minor="2">
    <StratHandle Name="Vivado Synthesis Defaults" Flow="Vivado Synthesis 2017"/>
    <Step Id="synth_design"/>
  </Strategy>
</GenRun>
