<?xml version="1.0" encoding="UTF-8"?>
<GenRun Id="impl_1" LaunchPart="xc7a35tftg256-1" LaunchTime="1622881048">
  <File Type="BITSTR-BMM" Name="vend_bd.bmm"/>
  <File Type="OPT-METHODOLOGY-DRC" Name="vend_methodology_drc_opted.rpt"/>
  <File Type="INIT-TIMING" Name="vend_timing_summary_init.rpt"/>
  <File Type="ROUTE-PWR" Name="vend_power_routed.rpt"/>
  <File Type="PA-TCL" Name="vend.tcl"/>
  <File Type="OPT-TIMING" Name="vend_timing_summary_opted.rpt"/>
  <File Type="OPT-DCP" Name="vend_opt.dcp"/>
  <File Type="ROUTE-PWR-SUM" Name="vend_power_summary_routed.pb"/>
  <File Type="REPORTS-TCL" Name="vend_reports.tcl"/>
  <File Type="OPT-DRC" Name="vend_drc_opted.rpt"/>
  <File Type="OPT-HWDEF" Name="vend.hwdef"/>
  <File Type="PWROPT-DCP" Name="vend_pwropt.dcp"/>
  <File Type="PWROPT-DRC" Name="vend_drc_pwropted.rpt"/>
  <File Type="PWROPT-TIMING" Name="vend_timing_summary_pwropted.rpt"/>
  <File Type="PLACE-DCP" Name="vend_placed.dcp"/>
  <File Type="PLACE-IO" Name="vend_io_placed.rpt"/>
  <File Type="PLACE-CLK" Name="vend_clock_utilization_placed.rpt"/>
  <File Type="PLACE-UTIL" Name="vend_utilization_placed.rpt"/>
  <File Type="PLACE-UTIL-PB" Name="vend_utilization_placed.pb"/>
  <File Type="PLACE-CTRL" Name="vend_control_sets_placed.rpt"/>
  <File Type="PLACE-SIMILARITY" Name="vend_incremental_reuse_placed.rpt"/>
  <File Type="PLACE-PRE-SIMILARITY" Name="vend_incremental_reuse_pre_placed.rpt"/>
  <File Type="BG-BGN" Name="vend.bgn"/>
  <File Type="PLACE-TIMING" Name="vend_timing_summary_placed.rpt"/>
  <File Type="POSTPLACE-PWROPT-DCP" Name="vend_postplace_pwropt.dcp"/>
  <File Type="BG-BIN" Name="vend.bin"/>
  <File Type="POSTPLACE-PWROPT-TIMING" Name="vend_timing_summary_postplace_pwropted.rpt"/>
  <File Type="PHYSOPT-DCP" Name="vend_physopt.dcp"/>
  <File Type="PHYSOPT-DRC" Name="vend_drc_physopted.rpt"/>
  <File Type="BITSTR-MSK" Name="vend.msk"/>
  <File Type="PHYSOPT-TIMING" Name="vend_timing_summary_physopted.rpt"/>
  <File Type="ROUTE-ERROR-DCP" Name="vend_routed_error.dcp"/>
  <File Type="ROUTE-DCP" Name="vend_routed.dcp"/>
  <File Type="ROUTE-BLACKBOX-DCP" Name="vend_routed_bb.dcp"/>
  <File Type="ROUTE-DRC" Name="vend_drc_routed.rpt"/>
  <File Type="ROUTE-DRC-PB" Name="vend_drc_routed.pb"/>
  <File Type="BITSTR-LTX" Name="debug_nets.ltx"/>
  <File Type="BITSTR-LTX" Name="vend.ltx"/>
  <File Type="ROUTE-DRC-RPX" Name="vend_drc_routed.rpx"/>
  <File Type="BITSTR-MMI" Name="vend.mmi"/>
  <File Type="ROUTE-METHODOLOGY-DRC" Name="vend_methodology_drc_routed.rpt"/>
  <File Type="ROUTE-METHODOLOGY-DRC-RPX" Name="vend_methodology_drc_routed.rpx"/>
  <File Type="BITSTR-SYSDEF" Name="vend.sysdef"/>
  <File Type="ROUTE-METHODOLOGY-DRC-PB" Name="vend_methodology_drc_routed.pb"/>
  <File Type="ROUTE-PWR-RPX" Name="vend_power_routed.rpx"/>
  <File Type="ROUTE-STATUS" Name="vend_route_status.rpt"/>
  <File Type="ROUTE-STATUS-PB" Name="vend_route_status.pb"/>
  <File Type="ROUTE-TIMINGSUMMARY" Name="vend_timing_summary_routed.rpt"/>
  <File Type="ROUTE-TIMING-PB" Name="vend_timing_summary_routed.pb"/>
  <File Type="ROUTE-TIMING-RPX" Name="vend_timing_summary_routed.rpx"/>
  <File Type="ROUTE-SIMILARITY" Name="vend_incremental_reuse_routed.rpt"/>
  <File Type="ROUTE-CLK" Name="vend_clock_utilization_routed.rpt"/>
  <File Type="ROUTE-BUS-SKEW" Name="vend_bus_skew_routed.rpt"/>
  <File Type="ROUTE-BUS-SKEW-PB" Name="vend_bus_skew_routed.pb"/>
  <File Type="ROUTE-BUS-SKEW-RPX" Name="vend_bus_skew_routed.rpx"/>
  <File Type="POSTROUTE-PHYSOPT-DCP" Name="vend_postroute_physopt.dcp"/>
  <File Type="POSTROUTE-PHYSOPT-BLACKBOX-DCP" Name="vend_postroute_physopt_bb.dcp"/>
  <File Type="POSTROUTE-PHYSOPT-TIMING" Name="vend_timing_summary_postroute_physopted.rpt"/>
  <File Type="POSTROUTE-PHYSOPT-TIMING-PB" Name="vend_timing_summary_postroute_physopted.pb"/>
  <File Type="POSTROUTE-PHYSOPT-TIMING-RPX" Name="vend_timing_summary_postroute_physopted.rpx"/>
  <File Type="POSTROUTE-PHYSOPT-BUS-SKEW" Name="vend_bus_skew_postroute_physopted.rpt"/>
  <File Type="POSTROUTE-PHYSOPT-BUS-SKEW-PB" Name="vend_bus_skew_postroute_physopted.pb"/>
  <File Type="BG-BIT" Name="vend.bit"/>
  <File Type="POSTROUTE-PHYSOPT-BUS-SKEW-RPX" Name="vend_bus_skew_postroute_physopted.rpx"/>
  <File Type="BITSTR-RBT" Name="vend.rbt"/>
  <File Type="BITSTR-NKY" Name="vend.nky"/>
  <File Type="BG-DRC" Name="vend.drc"/>
  <File Type="RDI-RDI" Name="vend.vdi"/>
  <File Type="WBT-USG" Name="usage_statistics_webtalk.html"/>
  <FileSet Name="sources" Type="DesignSrcs" RelSrcDir="$PSRCDIR/sources_1">
    <Filter Type="Srcs"/>
    <File Path="$PSRCDIR/sources_1/new/enClock.sv">
      <FileInfo>
        <Attr Name="UsedIn" Val="synthesis"/>
        <Attr Name="UsedIn" Val="implementation"/>
        <Attr Name="UsedIn" Val="simulation"/>
      </FileInfo>
    </File>
    <File Path="$PSRCDIR/sources_1/new/pressCheck.sv">
      <FileInfo>
        <Attr Name="UsedIn" Val="synthesis"/>
        <Attr Name="UsedIn" Val="implementation"/>
        <Attr Name="UsedIn" Val="simulation"/>
      </FileInfo>
    </File>
    <File Path="$PSRCDIR/sources_1/new/seg7.sv">
      <FileInfo>
        <Attr Name="UsedIn" Val="synthesis"/>
        <Attr Name="UsedIn" Val="implementation"/>
        <Attr Name="UsedIn" Val="simulation"/>
      </FileInfo>
    </File>
    <File Path="$PSRCDIR/sources_1/new/stateMachine.sv">
      <FileInfo>
        <Attr Name="UsedIn" Val="synthesis"/>
        <Attr Name="UsedIn" Val="implementation"/>
        <Attr Name="UsedIn" Val="simulation"/>
      </FileInfo>
    </File>
    <File Path="$PSRCDIR/sources_1/new/vend.sv">
      <FileInfo>
        <Attr Name="UsedIn" Val="synthesis"/>
        <Attr Name="UsedIn" Val="implementation"/>
        <Attr Name="UsedIn" Val="simulation"/>
      </FileInfo>
    </File>
    <Config>
      <Option Name="DesignMode" Val="RTL"/>
      <Option Name="TopModule" Val="vend"/>
      <Option Name="TopAutoSet" Val="TRUE"/>
    </Config>
  </FileSet>
  <FileSet Name="constrs_in" Type="Constrs" RelSrcDir="$PSRCDIR/constrs_1">
    <Filter Type="Constrs"/>
    <File Path="$PSRCDIR/constrs_1/new/pin.xdc">
      <FileInfo>
        <Attr Name="UsedIn" Val="synthesis"/>
        <Attr Name="UsedIn" Val="implementation"/>
      </FileInfo>
    </File>
    <Config>
      <Option Name="ConstrsType" Val="XDC"/>
    </Config>
  </FileSet>
  <Strategy Version="1" Minor="2">
    <StratHandle Name="Vivado Implementation Defaults" Flow="Vivado Implementation 2017">
      <Desc>Default settings for Implementation.</Desc>
    </StratHandle>
    <Step Id="init_design"/>
    <Step Id="opt_design"/>
    <Step Id="power_opt_design"/>
    <Step Id="place_design"/>
    <Step Id="post_place_power_opt_design"/>
    <Step Id="phys_opt_design"/>
    <Step Id="route_design"/>
    <Step Id="post_route_phys_opt_design"/>
    <Step Id="write_bitstream">
      <Option Id="BinFile">1</Option>
    </Step>
  </Strategy>
  <BlockFileSet Type="BlockSrcs" Name="bin2bcd_0"/>
</GenRun>
