<?xml version="1.0" encoding="UTF-8"?>
<GenRun Id="bin2bcd_0_synth_1" LaunchPart="xc7a35tftg256-1" LaunchTime="1621867789">
  <File Type="PA-TCL" Name="bin2bcd_0.tcl"/>
  <File Type="REPORTS-TCL" Name="bin2bcd_0_reports.tcl"/>
  <File Type="RDS-RDS" Name="bin2bcd_0.vds"/>
  <File Type="RDS-UTIL" Name="bin2bcd_0_utilization_synth.rpt"/>
  <File Type="RDS-UTIL-PB" Name="bin2bcd_0_utilization_synth.pb"/>
  <File Type="RDS-DCP" Name="bin2bcd_0.dcp"/>
  <FileSet Name="sources" Type="BlockSrcs" RelSrcDir="$PSRCDIR/bin2bcd_0">
    <File Path="$PSRCDIR/sources_1/ip/bin2bcd_0/bin2bcd_0.xci">
      <FileInfo>
        <Attr Name="AutoDisabled" Val="1"/>
        <Attr Name="UsedIn" Val="synthesis"/>
        <Attr Name="UsedIn" Val="implementation"/>
        <Attr Name="UsedIn" Val="simulation"/>
      </FileInfo>
    </File>
    <Config>
      <Option Name="TopModule" Val="bin2bcd_0"/>
      <Option Name="UseBlackboxStub" Val="1"/>
    </Config>
  </FileSet>
  <FileSet Name="constrs_in" Type="BlockSrcs" RelSrcDir="$PSRCDIR/bin2bcd_0">
    <File Path="$PSRCDIR/sources_1/ip/bin2bcd_0/bin2bcd_0.xci">
      <FileInfo>
        <Attr Name="AutoDisabled" Val="1"/>
        <Attr Name="UsedIn" Val="synthesis"/>
        <Attr Name="UsedIn" Val="implementation"/>
        <Attr Name="UsedIn" Val="simulation"/>
      </FileInfo>
    </File>
    <Config>
      <Option Name="TopModule" Val="bin2bcd_0"/>
      <Option Name="UseBlackboxStub" Val="1"/>
    </Config>
  </FileSet>
  <Strategy Version="1" Minor="2">
    <StratHandle Name="Vivado Synthesis Defaults" Flow="Vivado Synthesis 2018"/>
    <Step Id="synth_design"/>
  </Strategy>
</GenRun>
